{"name":"ba98c537-6e9b-45fb-90fa-92384a8eb8ce","id":"/providers/Microsoft.Flow/flows/ba98c537-6e9b-45fb-90fa-92384a8eb8ce","type":"Microsoft.Flow/flows","properties":{"apiId":"/providers/Microsoft.PowerApps/apis/shared_logicflows","displayName":"チャットECフロー1 StripeCheckoutにリダイレクト","definition":{"metadata":{"workflowEntityId":null,"processAdvisorMetadata":null,"flowclientsuspensionreason":"None","flowclientsuspensiontime":null,"creator":{"id":"8a9bb8ef-1ab2-4561-89ff-c580d40c6a77","type":"User","tenantId":"e6e96f74-8616-4646-87ff-23b44d3794c8"},"provisioningMethod":"FromDefinition","failureAlertSubscription":true,"clientLastModifiedTime":"2021-11-13T03:37:26.0569097Z"},"$schema":"https://schema.management.azure.com/providers/Microsoft.Logic/schemas/2016-06-01/workflowdefinition.json#","contentVersion":"1.0.0.0","parameters":{"$authentication":{"defaultValue":{},"type":"SecureObject"}},"triggers":{"manual":{"metadata":{"operationMetadataId":"13858d9a-2c71-448b-a8de-f834c4a439cb"},"type":"Request","kind":"Http","inputs":{"method":"GET"}}},"actions":{"ユーザーIDの取得":{"runAfter":{"🚩ユーザー定義／キャンセル時URL":["Succeeded"]},"metadata":{"operationMetadataId":"5011ff61-246f-4d48-a847-5cf68f3fcdf4"},"type":"InitializeVariable","inputs":{"variables":[{"name":"ユーザーID","type":"string","value":"@body('JSON_の解析①')?['outputs']?['queries']?['userid']"}]}},"価格IDの取得":{"runAfter":{"ユーザーIDの取得":["Succeeded"]},"metadata":{"operationMetadataId":"3ad608c4-7d97-4966-8185-8646cc328223"},"type":"InitializeVariable","inputs":{"variables":[{"name":"価格ID","type":"string","value":"@body('JSON_の解析①')?['outputs']?['queries']?['priceid']"}]}},"JSON_の解析①":{"runAfter":{},"metadata":{"operationMetadataId":"217c654b-3e58-48e1-8419-f48f973a474f"},"type":"ParseJson","inputs":{"content":"@trigger()","schema":{"type":"object","properties":{"name":{"type":"string"},"inputs":{"type":"object","properties":{"method":{"type":"string"}}},"outputs":{"type":"object","properties":{"headers":{"type":"object","properties":{"Cache-Control":{"type":"string"},"Connection":{"type":"string"},"Accept":{"type":"string"},"Accept-Encoding":{"type":"string"},"Accept-Language":{"type":"string"},"Cookie":{"type":"string"},"Host":{"type":"string"},"User-Agent":{"type":"string"},"sec-ch-ua":{"type":"string"},"sec-ch-ua-mobile":{"type":"string"},"sec-ch-ua-platform":{"type":"string"},"upgrade-insecure-requests":{"type":"string"},"sec-fetch-site":{"type":"string"},"sec-fetch-mode":{"type":"string"},"sec-fetch-user":{"type":"string"},"sec-fetch-dest":{"type":"string"},"Content-Length":{"type":"string"}}},"queries":{"type":"object","properties":{"userid":{"type":"string"},"priceid":{"type":"string"}}}}},"startTime":{"type":"string"},"endTime":{"type":"string"},"trackingId":{"type":"string"},"clientTrackingId":{"type":"string"},"originHistoryName":{"type":"string"},"status":{"type":"string"}}}}},"Checkout画面にリダイレクトする":{"runAfter":{"Checkout_Sessionの開始":["Succeeded"]},"metadata":{"operationMetadataId":"6b9b146b-404a-4219-9012-dff35975fb0c"},"type":"Response","kind":"Http","inputs":{"statusCode":200,"headers":{"Content-Type":"text/html"},"body":"<!DOCTYPE html>\n<html lang=\"ja\">\n<head>\n    <meta charset=\"UTF-8\">\n    <meta http-equiv=\"X-UA-Compatible\" content=\"IE=edge\">\n    <meta name=\"viewport\" content=\"width=device-width, initial-scale=1.0\">\n    <script>\n        location.href=location.href='@{body('JSON_の解析②')?['url']}';\n    </script>\n    <title>チャットEC</title>\n</head>\n<body>\n    <h4>Stripeの決済ページに移動します</h4>\n</body>\n</html>"}},"Checkout_Sessionの開始":{"actions":{"Checkout_Sessionの作成":{"runAfter":{},"metadata":{"operationMetadataId":"c845fb57-8be1-4d9b-a5d3-cc99ce4d3b2d"},"type":"Http","inputs":{"method":"POST","uri":"https://api.stripe.com/v1/checkout/sessions","headers":{"Authorization":"Bearer @{variables('シークレットキー')}","Content-Type":"application/x-www-form-urlencoded"},"body":"success_url=@{uriComponent(variables('成功時URL'))}&cancel_url=@{uriComponent(variables('キャンセル時URL'))}&payment_method_types[0]=card&line_items[0][price]=@{variables('価格ID')}&line_items[0][quantity]=1&mode=payment&billing_address_collection=required&shipping_address_collection[allowed_countries][0]=JP&payment_intent_data[metadata][line_user]=@{variables('ユーザーID')}"},"description":"https://stripe.com/docs/api/checkout/sessions/create"},"JSON_の解析②":{"runAfter":{"Checkout_Sessionの作成":["Succeeded"]},"metadata":{"operationMetadataId":"9bb96917-b3de-4a29-a9a0-3d2cd78b1dcd"},"type":"ParseJson","inputs":{"content":"@body('Checkout_Sessionの作成')","schema":{"type":"object","properties":{"id":{"type":"string"},"object":{"type":"string"},"after_expiration":{},"allow_promotion_codes":{},"amount_subtotal":{"type":"integer"},"amount_total":{"type":"integer"},"automatic_tax":{"type":"object","properties":{"enabled":{"type":"boolean"},"status":{}}},"billing_address_collection":{},"cancel_url":{"type":"string"},"client_reference_id":{},"consent":{},"consent_collection":{},"currency":{"type":"string"},"customer":{},"customer_details":{},"customer_email":{},"expires_at":{"type":"integer"},"livemode":{"type":"boolean"},"locale":{},"metadata":{"type":"object","properties":{}},"mode":{"type":"string"},"payment_intent":{"type":"string"},"payment_method_options":{"type":"object","properties":{}},"payment_method_types":{"type":"array","items":{"type":"string"}},"payment_status":{"type":"string"},"recovered_from":{},"setup_intent":{},"shipping":{},"shipping_address_collection":{},"submit_type":{},"subscription":{},"success_url":{"type":"string"},"total_details":{"type":"object","properties":{"amount_discount":{"type":"integer"},"amount_shipping":{"type":"integer"},"amount_tax":{"type":"integer"}}},"url":{"type":"string"}}}}}},"runAfter":{"価格IDの取得":["Succeeded"]},"metadata":{"operationMetadataId":"6ddcb5ef-0692-4f81-acb4-086af13ad5db"},"type":"Scope"},"エラーページを返す":{"runAfter":{"Checkout_Sessionの開始":["Failed","Skipped","TimedOut"]},"metadata":{"operationMetadataId":"0b9a214b-e736-4adb-bb2c-6aa724880b2a"},"type":"Response","kind":"Http","inputs":{"statusCode":200,"headers":{"Content-Type":"text/html"},"body":"<!DOCTYPE html>\n<html lang=\"ja\">\n<head>\n    <meta charset=\"UTF-8\">\n    <meta http-equiv=\"X-UA-Compatible\" content=\"IE=edge\">\n    <meta name=\"viewport\" content=\"width=device-width, initial-scale=1.0\">\n    <title>チャットEC</title>\n</head>\n<body>\n    <h4>Failed to create checkout session</h4>\n</body>\n</html>"}},"🚩ユーザー定義／Stripeシークレットキー":{"runAfter":{"JSON_の解析①":["Succeeded"]},"metadata":{"operationMetadataId":"8130c0d6-d209-4203-8b87-2837332bd1f1"},"type":"InitializeVariable","inputs":{"variables":[{"name":"シークレットキー","type":"string","value":"sk_test_XXXXXXXXXXXXXX"}]}},"🚩ユーザー定義／成功時URL":{"runAfter":{"🚩ユーザー定義／Stripeシークレットキー":["Succeeded"]},"metadata":{"operationMetadataId":"7880428b-d283-49c5-a49e-18f990c61722"},"type":"InitializeVariable","inputs":{"variables":[{"name":"成功時URL","type":"string","value":"https://nervous-curran-833022.netlify.app/success.html"}]},"description":"URLエンコード済みのURLを入れてください。"},"🚩ユーザー定義／キャンセル時URL":{"runAfter":{"🚩ユーザー定義／成功時URL":["Succeeded"]},"metadata":{"operationMetadataId":"95fedea9-88f5-4a08-837a-dae7df8a0c15"},"type":"InitializeVariable","inputs":{"variables":[{"name":"キャンセル時URL","type":"string","value":"https://nervous-curran-833022.netlify.app/cancel.html"}]},"description":"URLエンコード済みのURLを入れてください"}}},"connectionReferences":{},"flowFailureAlertSubscribed":false}}